id,idioma,campaña,grupo,variante,estado,url_final,titulo_1,titulo_2,titulo_3,titulo_4,titulo_5,titulo_6,titulo_7,titulo_8,titulo_9,titulo_10,titulo_11,titulo_12,titulo_13,titulo_14,titulo_15,descripcion_1,descripcion_2,descripcion_3,descripcion_4
es-contabilidad-local-1,es,search_contabilidad_es,local,1,PAUSED,https://gonzalezarmendariz.com/lp/contabilidad/,Contabilidad en Monterrey,Contabilidad para empresas,Contadores en San Pedro,Sus cuentas más claras,Información para decidir,Cumplimiento fiscal,Contabilidad corporativa,González Armendáriz,28+ años de trayectoria,400+ empresas respaldadas,Agendar una consulta,Firma en San Pedro,Atención para su negocio,Claridad para su dirección,Conozca nuestra firma,Contabilidad para empresas en Monterrey. Agende una consulta con nuestra firma.,Información clara para revisar sus cuentas y obligaciones. Conversemos sobre su empresa.,28+ años de trayectoria y 400+ empresas respaldadas. Conozca nuestro servicio.,Una oficina en San Pedro para atender sus necesidades contables. Agende una consulta.
es-contabilidad-local-2,es,search_contabilidad_es,local,2,PAUSED,https://gonzalezarmendariz.com/lp/contabilidad/,Contabilidad en Monterrey,Contabilidad para empresas,Contadores en San Pedro,Sus cuentas más claras,Información para decidir,Cumplimiento fiscal,Contabilidad corporativa,González Armendáriz,28+ años de trayectoria,400+ empresas respaldadas,Agendar una consulta,Firma en San Pedro,Hablemos de su empresa,Conozca el siguiente paso,Respaldo para sus decisiones,Converse sobre contabilidad con una firma en San Pedro. Agende una consulta.,Información clara para revisar sus cuentas y obligaciones. Conversemos sobre su empresa.,28+ años de trayectoria y 400+ empresas respaldadas. Conozca nuestro servicio.,Una oficina en San Pedro para atender sus necesidades contables. Agende una consulta.
es-contabilidad-local-3,es,search_contabilidad_es,local,3,PAUSED,https://gonzalezarmendariz.com/lp/contabilidad/,Contabilidad en Monterrey,Contabilidad para empresas,Contadores en San Pedro,Sus cuentas más claras,Información para decidir,Cumplimiento fiscal,Contabilidad corporativa,González Armendáriz,28+ años de trayectoria,400+ empresas respaldadas,Agendar una consulta,Firma en San Pedro,Su empresa en perspectiva,Conversemos sobre sus metas,Solicite una consulta,Contabilidad para empresas en Monterrey. Agende una consulta con nuestra firma.,Información clara para revisar sus cuentas y obligaciones. Conversemos sobre su empresa.,28+ años de trayectoria y 400+ empresas respaldadas. Conozca nuestro servicio.,Defina las prioridades de su empresa en una consulta. Conozca cómo podemos apoyarle.
es-contabilidad-corporativo-1,es,search_contabilidad_es,corporativo,1,PAUSED,https://gonzalezarmendariz.com/lp/contabilidad/,Contabilidad para empresas,Contabilidad en Monterrey,Contadores en San Pedro,Sus cuentas más claras,Información para decidir,Cumplimiento fiscal,Contabilidad corporativa,González Armendáriz,28+ años de trayectoria,400+ empresas respaldadas,Agendar una consulta,Firma en San Pedro,Atención para su negocio,Claridad para su dirección,Para empresas de Monterrey,Contabilidad para empresas en Monterrey. Agende una consulta con nuestra firma.,Información clara para revisar sus cuentas y obligaciones. Conversemos sobre su empresa.,28+ años de trayectoria y 400+ empresas respaldadas. Conozca nuestro servicio.,Una oficina en San Pedro para atender sus necesidades contables. Agende una consulta.
es-contabilidad-corporativo-2,es,search_contabilidad_es,corporativo,2,PAUSED,https://gonzalezarmendariz.com/lp/contabilidad/,Contabilidad para empresas,Contabilidad en Monterrey,Contadores en San Pedro,Sus cuentas más claras,Información para decidir,Cumplimiento fiscal,Contabilidad corporativa,González Armendáriz,28+ años de trayectoria,400+ empresas respaldadas,Agendar una consulta,Firma en San Pedro,Hablemos de su empresa,Conozca el siguiente paso,Apoyo para su dirección,Converse sobre contabilidad con una firma en San Pedro. Agende una consulta.,Información clara para revisar sus cuentas y obligaciones. Conversemos sobre su empresa.,28+ años de trayectoria y 400+ empresas respaldadas. Conozca nuestro servicio.,Una oficina en San Pedro para atender sus necesidades contables. Agende una consulta.
es-contabilidad-corporativo-3,es,search_contabilidad_es,corporativo,3,PAUSED,https://gonzalezarmendariz.com/lp/contabilidad/,Contabilidad para empresas,Contabilidad en Monterrey,Contadores en San Pedro,Sus cuentas más claras,Información para decidir,Cumplimiento fiscal,Contabilidad corporativa,González Armendáriz,28+ años de trayectoria,400+ empresas respaldadas,Agendar una consulta,Firma en San Pedro,Su empresa en perspectiva,Conversemos sobre sus metas,Cuentas y decisiones claras,Contabilidad para empresas en Monterrey. Agende una consulta con nuestra firma.,Información clara para revisar sus cuentas y obligaciones. Conversemos sobre su empresa.,28+ años de trayectoria y 400+ empresas respaldadas. Conozca nuestro servicio.,Defina las prioridades de su empresa en una consulta. Conozca cómo podemos apoyarle.
es-asesoria-fiscal-local-1,es,search_asesoria-fiscal_es,local,1,PAUSED,https://gonzalezarmendariz.com/lp/asesoria-fiscal/,Asesoría Fiscal en Monterrey,Asesoría fiscal empresarial,Asesor fiscal en San Pedro,Decisiones fiscales claras,Planeación fiscal legal,Revise sus riesgos fiscales,Asesoría para su empresa,González Armendáriz,28+ años de trayectoria,400+ empresas respaldadas,Agendar una consulta,Firma en San Pedro,Atención para su negocio,Claridad para su dirección,Conozca nuestra firma,Asesoría fiscal para empresas en Monterrey. Agende una consulta sobre su situación.,Planeación fiscal dentro del marco legal. Revise opciones antes de tomar decisiones.,28+ años de trayectoria y 400+ empresas respaldadas. Conozca nuestra firma.,Identifique riesgos fiscales y prioridades para su empresa. Consulte con nuestra firma.
es-asesoria-fiscal-local-2,es,search_asesoria-fiscal_es,local,2,PAUSED,https://gonzalezarmendariz.com/lp/asesoria-fiscal/,Asesoría Fiscal en Monterrey,Asesoría fiscal empresarial,Asesor fiscal en San Pedro,Decisiones fiscales claras,Planeación fiscal legal,Revise sus riesgos fiscales,Asesoría para su empresa,González Armendáriz,28+ años de trayectoria,400+ empresas respaldadas,Agendar una consulta,Firma en San Pedro,Hablemos de su empresa,Conozca el siguiente paso,Respaldo para sus decisiones,Converse sobre asesoría fiscal con una firma en San Pedro. Agende una consulta.,Planeación fiscal dentro del marco legal. Revise opciones antes de tomar decisiones.,28+ años de trayectoria y 400+ empresas respaldadas. Conozca nuestra firma.,Identifique riesgos fiscales y prioridades para su empresa. Consulte con nuestra firma.
es-asesoria-fiscal-local-3,es,search_asesoria-fiscal_es,local,3,PAUSED,https://gonzalezarmendariz.com/lp/asesoria-fiscal/,Asesoría Fiscal en Monterrey,Asesoría fiscal empresarial,Asesor fiscal en San Pedro,Decisiones fiscales claras,Planeación fiscal legal,Revise sus riesgos fiscales,Asesoría para su empresa,González Armendáriz,28+ años de trayectoria,400+ empresas respaldadas,Agendar una consulta,Firma en San Pedro,Su empresa en perspectiva,Conversemos sobre sus metas,Solicite una consulta,Asesoría fiscal para empresas en Monterrey. Agende una consulta sobre su situación.,Planeación fiscal dentro del marco legal. Revise opciones antes de tomar decisiones.,28+ años de trayectoria y 400+ empresas respaldadas. Conozca nuestra firma.,Defina las prioridades de su empresa en una consulta. Conozca cómo podemos apoyarle.
es-asesoria-fiscal-corporativo-1,es,search_asesoria-fiscal_es,corporativo,1,PAUSED,https://gonzalezarmendariz.com/lp/asesoria-fiscal/,Asesoría fiscal empresarial,Asesoría Fiscal en Monterrey,Asesor fiscal en San Pedro,Decisiones fiscales claras,Planeación fiscal legal,Revise sus riesgos fiscales,Asesoría para su empresa,González Armendáriz,28+ años de trayectoria,400+ empresas respaldadas,Agendar una consulta,Firma en San Pedro,Atención para su negocio,Claridad para su dirección,Para empresas de Monterrey,Asesoría fiscal para empresas en Monterrey. Agende una consulta sobre su situación.,Planeación fiscal dentro del marco legal. Revise opciones antes de tomar decisiones.,28+ años de trayectoria y 400+ empresas respaldadas. Conozca nuestra firma.,Identifique riesgos fiscales y prioridades para su empresa. Consulte con nuestra firma.
es-asesoria-fiscal-corporativo-2,es,search_asesoria-fiscal_es,corporativo,2,PAUSED,https://gonzalezarmendariz.com/lp/asesoria-fiscal/,Asesoría fiscal empresarial,Asesoría Fiscal en Monterrey,Asesor fiscal en San Pedro,Decisiones fiscales claras,Planeación fiscal legal,Revise sus riesgos fiscales,Asesoría para su empresa,González Armendáriz,28+ años de trayectoria,400+ empresas respaldadas,Agendar una consulta,Firma en San Pedro,Hablemos de su empresa,Conozca el siguiente paso,Apoyo para su dirección,Converse sobre asesoría fiscal con una firma en San Pedro. Agende una consulta.,Planeación fiscal dentro del marco legal. Revise opciones antes de tomar decisiones.,28+ años de trayectoria y 400+ empresas respaldadas. Conozca nuestra firma.,Identifique riesgos fiscales y prioridades para su empresa. Consulte con nuestra firma.
es-asesoria-fiscal-corporativo-3,es,search_asesoria-fiscal_es,corporativo,3,PAUSED,https://gonzalezarmendariz.com/lp/asesoria-fiscal/,Asesoría fiscal empresarial,Asesoría Fiscal en Monterrey,Asesor fiscal en San Pedro,Decisiones fiscales claras,Planeación fiscal legal,Revise sus riesgos fiscales,Asesoría para su empresa,González Armendáriz,28+ años de trayectoria,400+ empresas respaldadas,Agendar una consulta,Firma en San Pedro,Su empresa en perspectiva,Conversemos sobre sus metas,Cuentas y decisiones claras,Asesoría fiscal para empresas en Monterrey. Agende una consulta sobre su situación.,Planeación fiscal dentro del marco legal. Revise opciones antes de tomar decisiones.,28+ años de trayectoria y 400+ empresas respaldadas. Conozca nuestra firma.,Defina las prioridades de su empresa en una consulta. Conozca cómo podemos apoyarle.
es-auditoria-local-1,es,search_auditoria_es,local,1,PAUSED,https://gonzalezarmendariz.com/lp/auditoria/,Auditoría en Monterrey,Auditoría para empresas,Auditores en San Pedro,Auditoría financiera,Estados financieros claros,Información para su consejo,Revise sus cifras,González Armendáriz,28+ años de trayectoria,400+ empresas respaldadas,Agendar una consulta,Firma en San Pedro,Atención para su negocio,Claridad para su dirección,Conozca nuestra firma,Auditoría para empresas en Monterrey. Agende una consulta para definir el alcance.,Revise sus estados financieros con una visión profesional. Conozca nuestro servicio.,28+ años de trayectoria y 400+ empresas respaldadas. Consulte con nuestra firma.,Información financiera para decisiones de dirección y consejo. Agende una consulta.
es-auditoria-local-2,es,search_auditoria_es,local,2,PAUSED,https://gonzalezarmendariz.com/lp/auditoria/,Auditoría en Monterrey,Auditoría para empresas,Auditores en San Pedro,Auditoría financiera,Estados financieros claros,Información para su consejo,Revise sus cifras,González Armendáriz,28+ años de trayectoria,400+ empresas respaldadas,Agendar una consulta,Firma en San Pedro,Hablemos de su empresa,Conozca el siguiente paso,Respaldo para sus decisiones,Converse sobre auditoría con una firma en San Pedro. Agende una consulta.,Revise sus estados financieros con una visión profesional. Conozca nuestro servicio.,28+ años de trayectoria y 400+ empresas respaldadas. Consulte con nuestra firma.,Información financiera para decisiones de dirección y consejo. Agende una consulta.
es-auditoria-local-3,es,search_auditoria_es,local,3,PAUSED,https://gonzalezarmendariz.com/lp/auditoria/,Auditoría en Monterrey,Auditoría para empresas,Auditores en San Pedro,Auditoría financiera,Estados financieros claros,Información para su consejo,Revise sus cifras,González Armendáriz,28+ años de trayectoria,400+ empresas respaldadas,Agendar una consulta,Firma en San Pedro,Su empresa en perspectiva,Conversemos sobre sus metas,Solicite una consulta,Auditoría para empresas en Monterrey. Agende una consulta para definir el alcance.,Revise sus estados financieros con una visión profesional. Conozca nuestro servicio.,28+ años de trayectoria y 400+ empresas respaldadas. Consulte con nuestra firma.,Defina las prioridades de su empresa en una consulta. Conozca cómo podemos apoyarle.
es-auditoria-corporativo-1,es,search_auditoria_es,corporativo,1,PAUSED,https://gonzalezarmendariz.com/lp/auditoria/,Auditoría para empresas,Auditoría en Monterrey,Auditores en San Pedro,Auditoría financiera,Estados financieros claros,Información para su consejo,Revise sus cifras,González Armendáriz,28+ años de trayectoria,400+ empresas respaldadas,Agendar una consulta,Firma en San Pedro,Atención para su negocio,Claridad para su dirección,Para empresas de Monterrey,Auditoría para empresas en Monterrey. Agende una consulta para definir el alcance.,Revise sus estados financieros con una visión profesional. Conozca nuestro servicio.,28+ años de trayectoria y 400+ empresas respaldadas. Consulte con nuestra firma.,Información financiera para decisiones de dirección y consejo. Agende una consulta.
es-auditoria-corporativo-2,es,search_auditoria_es,corporativo,2,PAUSED,https://gonzalezarmendariz.com/lp/auditoria/,Auditoría para empresas,Auditoría en Monterrey,Auditores en San Pedro,Auditoría financiera,Estados financieros claros,Información para su consejo,Revise sus cifras,González Armendáriz,28+ años de trayectoria,400+ empresas respaldadas,Agendar una consulta,Firma en San Pedro,Hablemos de su empresa,Conozca el siguiente paso,Apoyo para su dirección,Converse sobre auditoría con una firma en San Pedro. Agende una consulta.,Revise sus estados financieros con una visión profesional. Conozca nuestro servicio.,28+ años de trayectoria y 400+ empresas respaldadas. Consulte con nuestra firma.,Información financiera para decisiones de dirección y consejo. Agende una consulta.
es-auditoria-corporativo-3,es,search_auditoria_es,corporativo,3,PAUSED,https://gonzalezarmendariz.com/lp/auditoria/,Auditoría para empresas,Auditoría en Monterrey,Auditores en San Pedro,Auditoría financiera,Estados financieros claros,Información para su consejo,Revise sus cifras,González Armendáriz,28+ años de trayectoria,400+ empresas respaldadas,Agendar una consulta,Firma en San Pedro,Su empresa en perspectiva,Conversemos sobre sus metas,Cuentas y decisiones claras,Auditoría para empresas en Monterrey. Agende una consulta para definir el alcance.,Revise sus estados financieros con una visión profesional. Conozca nuestro servicio.,28+ años de trayectoria y 400+ empresas respaldadas. Consulte con nuestra firma.,Defina las prioridades de su empresa en una consulta. Conozca cómo podemos apoyarle.
en-contabilidad-local-1,en,search_contabilidad_en,local,1,PAUSED,https://gonzalezarmendariz.com/en/lp/accounting/,Accounting in Monterrey,Accounting for Companies,Accountants in San Pedro,Clearer Company Accounts,Information for Decisions,Tax Compliance Support,Corporate Accounting,González Armendáriz,28+ Years of Experience,400+ Companies Supported,Schedule a Consultation,A Firm Based in San Pedro,Support for Your Business,Clarity for Management,Get to Know Our Firm,Business accounting in Monterrey. Schedule a consultation with our firm.,Clear information to review your accounts and obligations. Tell us about your company.,28+ years of experience and 400+ companies supported. Explore our accounting service.,Based in San Pedro to support your business accounting needs. Schedule a consultation.
en-contabilidad-local-2,en,search_contabilidad_en,local,2,PAUSED,https://gonzalezarmendariz.com/en/lp/accounting/,Accounting in Monterrey,Accounting for Companies,Accountants in San Pedro,Clearer Company Accounts,Information for Decisions,Tax Compliance Support,Corporate Accounting,González Armendáriz,28+ Years of Experience,400+ Companies Supported,Schedule a Consultation,A Firm Based in San Pedro,Tell Us About Your Business,Explore Your Next Step,Support for Your Decisions,Discuss business accounting with a firm in San Pedro. Schedule a consultation.,Clear information to review your accounts and obligations. Tell us about your company.,28+ years of experience and 400+ companies supported. Explore our accounting service.,Based in San Pedro to support your business accounting needs. Schedule a consultation.
en-contabilidad-local-3,en,search_contabilidad_en,local,3,PAUSED,https://gonzalezarmendariz.com/en/lp/accounting/,Accounting in Monterrey,Accounting for Companies,Accountants in San Pedro,Clearer Company Accounts,Information for Decisions,Tax Compliance Support,Corporate Accounting,González Armendáriz,28+ Years of Experience,400+ Companies Supported,Schedule a Consultation,A Firm Based in San Pedro,Your Business in Perspective,Discuss Your Business Goals,Request a Consultation,Business accounting in Monterrey. Schedule a consultation with our firm.,Clear information to review your accounts and obligations. Tell us about your company.,28+ years of experience and 400+ companies supported. Explore our accounting service.,Discuss your business priorities in a consultation. Learn how we can support you.
en-contabilidad-corporate-1,en,search_contabilidad_en,corporate,1,PAUSED,https://gonzalezarmendariz.com/en/lp/accounting/,Accounting for Companies,Accounting in Monterrey,Accountants in San Pedro,Clearer Company Accounts,Information for Decisions,Tax Compliance Support,Corporate Accounting,González Armendáriz,28+ Years of Experience,400+ Companies Supported,Schedule a Consultation,A Firm Based in San Pedro,Support for Your Business,Clarity for Management,For Monterrey Businesses,Business accounting in Monterrey. Schedule a consultation with our firm.,Clear information to review your accounts and obligations. Tell us about your company.,28+ years of experience and 400+ companies supported. Explore our accounting service.,Based in San Pedro to support your business accounting needs. Schedule a consultation.
en-contabilidad-corporate-2,en,search_contabilidad_en,corporate,2,PAUSED,https://gonzalezarmendariz.com/en/lp/accounting/,Accounting for Companies,Accounting in Monterrey,Accountants in San Pedro,Clearer Company Accounts,Information for Decisions,Tax Compliance Support,Corporate Accounting,González Armendáriz,28+ Years of Experience,400+ Companies Supported,Schedule a Consultation,A Firm Based in San Pedro,Tell Us About Your Business,Explore Your Next Step,Support for Your Management,Discuss business accounting with a firm in San Pedro. Schedule a consultation.,Clear information to review your accounts and obligations. Tell us about your company.,28+ years of experience and 400+ companies supported. Explore our accounting service.,Based in San Pedro to support your business accounting needs. Schedule a consultation.
en-contabilidad-corporate-3,en,search_contabilidad_en,corporate,3,PAUSED,https://gonzalezarmendariz.com/en/lp/accounting/,Accounting for Companies,Accounting in Monterrey,Accountants in San Pedro,Clearer Company Accounts,Information for Decisions,Tax Compliance Support,Corporate Accounting,González Armendáriz,28+ Years of Experience,400+ Companies Supported,Schedule a Consultation,A Firm Based in San Pedro,Your Business in Perspective,Discuss Your Business Goals,Clarity for Business Leaders,Business accounting in Monterrey. Schedule a consultation with our firm.,Clear information to review your accounts and obligations. Tell us about your company.,28+ years of experience and 400+ companies supported. Explore our accounting service.,Discuss your business priorities in a consultation. Learn how we can support you.
en-asesoria-fiscal-local-1,en,search_asesoria-fiscal_en,local,1,PAUSED,https://gonzalezarmendariz.com/en/lp/tax-advisory/,Tax Advisory in Monterrey,Business Tax Advisory,Tax Advisors in San Pedro,Clearer Tax Decisions,Tax Planning Within the Law,Review Your Tax Risks,Advice for Your Business,González Armendáriz,28+ Years of Experience,400+ Companies Supported,Schedule a Consultation,A Firm Based in San Pedro,Support for Your Business,Clarity for Management,Get to Know Our Firm,Business tax advisory in Monterrey. Schedule a consultation about your company.,Tax planning within the law. Review your options before making business decisions.,28+ years of experience and 400+ companies supported. Learn about our firm.,Identify tax risks and business priorities. Discuss your needs with our firm.
en-asesoria-fiscal-local-2,en,search_asesoria-fiscal_en,local,2,PAUSED,https://gonzalezarmendariz.com/en/lp/tax-advisory/,Tax Advisory in Monterrey,Business Tax Advisory,Tax Advisors in San Pedro,Clearer Tax Decisions,Tax Planning Within the Law,Review Your Tax Risks,Advice for Your Business,González Armendáriz,28+ Years of Experience,400+ Companies Supported,Schedule a Consultation,A Firm Based in San Pedro,Tell Us About Your Business,Explore Your Next Step,Support for Your Decisions,Discuss tax advisory with a firm in San Pedro. Schedule a consultation.,Tax planning within the law. Review your options before making business decisions.,28+ years of experience and 400+ companies supported. Learn about our firm.,Identify tax risks and business priorities. Discuss your needs with our firm.
en-asesoria-fiscal-local-3,en,search_asesoria-fiscal_en,local,3,PAUSED,https://gonzalezarmendariz.com/en/lp/tax-advisory/,Tax Advisory in Monterrey,Business Tax Advisory,Tax Advisors in San Pedro,Clearer Tax Decisions,Tax Planning Within the Law,Review Your Tax Risks,Advice for Your Business,González Armendáriz,28+ Years of Experience,400+ Companies Supported,Schedule a Consultation,A Firm Based in San Pedro,Your Business in Perspective,Discuss Your Business Goals,Request a Consultation,Business tax advisory in Monterrey. Schedule a consultation about your company.,Tax planning within the law. Review your options before making business decisions.,28+ years of experience and 400+ companies supported. Learn about our firm.,Discuss your business priorities in a consultation. Learn how we can support you.
en-asesoria-fiscal-corporate-1,en,search_asesoria-fiscal_en,corporate,1,PAUSED,https://gonzalezarmendariz.com/en/lp/tax-advisory/,Business Tax Advisory,Tax Advisory in Monterrey,Tax Advisors in San Pedro,Clearer Tax Decisions,Tax Planning Within the Law,Review Your Tax Risks,Advice for Your Business,González Armendáriz,28+ Years of Experience,400+ Companies Supported,Schedule a Consultation,A Firm Based in San Pedro,Support for Your Business,Clarity for Management,For Monterrey Businesses,Business tax advisory in Monterrey. Schedule a consultation about your company.,Tax planning within the law. Review your options before making business decisions.,28+ years of experience and 400+ companies supported. Learn about our firm.,Identify tax risks and business priorities. Discuss your needs with our firm.
en-asesoria-fiscal-corporate-2,en,search_asesoria-fiscal_en,corporate,2,PAUSED,https://gonzalezarmendariz.com/en/lp/tax-advisory/,Business Tax Advisory,Tax Advisory in Monterrey,Tax Advisors in San Pedro,Clearer Tax Decisions,Tax Planning Within the Law,Review Your Tax Risks,Advice for Your Business,González Armendáriz,28+ Years of Experience,400+ Companies Supported,Schedule a Consultation,A Firm Based in San Pedro,Tell Us About Your Business,Explore Your Next Step,Support for Your Management,Discuss tax advisory with a firm in San Pedro. Schedule a consultation.,Tax planning within the law. Review your options before making business decisions.,28+ years of experience and 400+ companies supported. Learn about our firm.,Identify tax risks and business priorities. Discuss your needs with our firm.
en-asesoria-fiscal-corporate-3,en,search_asesoria-fiscal_en,corporate,3,PAUSED,https://gonzalezarmendariz.com/en/lp/tax-advisory/,Business Tax Advisory,Tax Advisory in Monterrey,Tax Advisors in San Pedro,Clearer Tax Decisions,Tax Planning Within the Law,Review Your Tax Risks,Advice for Your Business,González Armendáriz,28+ Years of Experience,400+ Companies Supported,Schedule a Consultation,A Firm Based in San Pedro,Your Business in Perspective,Discuss Your Business Goals,Clarity for Business Leaders,Business tax advisory in Monterrey. Schedule a consultation about your company.,Tax planning within the law. Review your options before making business decisions.,28+ years of experience and 400+ companies supported. Learn about our firm.,Discuss your business priorities in a consultation. Learn how we can support you.
en-auditoria-local-1,en,search_auditoria_en,local,1,PAUSED,https://gonzalezarmendariz.com/en/lp/audit/,Audit Services in Monterrey,Audits for Companies,Auditors in San Pedro,Financial Statement Audit,Clearer Financial Statements,Information for Your Board,Review Your Company Figures,González Armendáriz,28+ Years of Experience,400+ Companies Supported,Schedule a Consultation,A Firm Based in San Pedro,Support for Your Business,Clarity for Management,Get to Know Our Firm,Company audit services in Monterrey. Schedule a consultation to discuss the scope.,Review your financial statements with a professional perspective. Explore our service.,28+ years of experience and 400+ companies supported. Speak with our firm.,Financial information for management and board decisions. Schedule a consultation.
en-auditoria-local-2,en,search_auditoria_en,local,2,PAUSED,https://gonzalezarmendariz.com/en/lp/audit/,Audit Services in Monterrey,Audits for Companies,Auditors in San Pedro,Financial Statement Audit,Clearer Financial Statements,Information for Your Board,Review Your Company Figures,González Armendáriz,28+ Years of Experience,400+ Companies Supported,Schedule a Consultation,A Firm Based in San Pedro,Tell Us About Your Business,Explore Your Next Step,Support for Your Decisions,Discuss financial audit with a firm in San Pedro. Schedule a consultation.,Review your financial statements with a professional perspective. Explore our service.,28+ years of experience and 400+ companies supported. Speak with our firm.,Financial information for management and board decisions. Schedule a consultation.
en-auditoria-local-3,en,search_auditoria_en,local,3,PAUSED,https://gonzalezarmendariz.com/en/lp/audit/,Audit Services in Monterrey,Audits for Companies,Auditors in San Pedro,Financial Statement Audit,Clearer Financial Statements,Information for Your Board,Review Your Company Figures,González Armendáriz,28+ Years of Experience,400+ Companies Supported,Schedule a Consultation,A Firm Based in San Pedro,Your Business in Perspective,Discuss Your Business Goals,Request a Consultation,Company audit services in Monterrey. Schedule a consultation to discuss the scope.,Review your financial statements with a professional perspective. Explore our service.,28+ years of experience and 400+ companies supported. Speak with our firm.,Discuss your business priorities in a consultation. Learn how we can support you.
en-auditoria-corporate-1,en,search_auditoria_en,corporate,1,PAUSED,https://gonzalezarmendariz.com/en/lp/audit/,Audits for Companies,Audit Services in Monterrey,Auditors in San Pedro,Financial Statement Audit,Clearer Financial Statements,Information for Your Board,Review Your Company Figures,González Armendáriz,28+ Years of Experience,400+ Companies Supported,Schedule a Consultation,A Firm Based in San Pedro,Support for Your Business,Clarity for Management,For Monterrey Businesses,Company audit services in Monterrey. Schedule a consultation to discuss the scope.,Review your financial statements with a professional perspective. Explore our service.,28+ years of experience and 400+ companies supported. Speak with our firm.,Financial information for management and board decisions. Schedule a consultation.
en-auditoria-corporate-2,en,search_auditoria_en,corporate,2,PAUSED,https://gonzalezarmendariz.com/en/lp/audit/,Audits for Companies,Audit Services in Monterrey,Auditors in San Pedro,Financial Statement Audit,Clearer Financial Statements,Information for Your Board,Review Your Company Figures,González Armendáriz,28+ Years of Experience,400+ Companies Supported,Schedule a Consultation,A Firm Based in San Pedro,Tell Us About Your Business,Explore Your Next Step,Support for Your Management,Discuss financial audit with a firm in San Pedro. Schedule a consultation.,Review your financial statements with a professional perspective. Explore our service.,28+ years of experience and 400+ companies supported. Speak with our firm.,Financial information for management and board decisions. Schedule a consultation.
en-auditoria-corporate-3,en,search_auditoria_en,corporate,3,PAUSED,https://gonzalezarmendariz.com/en/lp/audit/,Audits for Companies,Audit Services in Monterrey,Auditors in San Pedro,Financial Statement Audit,Clearer Financial Statements,Information for Your Board,Review Your Company Figures,González Armendáriz,28+ Years of Experience,400+ Companies Supported,Schedule a Consultation,A Firm Based in San Pedro,Your Business in Perspective,Discuss Your Business Goals,Clarity for Business Leaders,Company audit services in Monterrey. Schedule a consultation to discuss the scope.,Review your financial statements with a professional perspective. Explore our service.,28+ years of experience and 400+ companies supported. Speak with our firm.,Discuss your business priorities in a consultation. Learn how we can support you.
