Campaign,Ad group,Keyword,Criterion Type
GS | Contabilidad | MTY,Despacho contable,despacho contable monterrey,Exact
GS | Contabilidad | MTY,Despacho contable,despacho contable monterrey,Phrase
GS | Contabilidad | MTY,Despacho contable,despacho de contadores monterrey,Phrase
GS | Contabilidad | MTY,Despacho contable,despacho contable para empresas,Phrase
GS | Contabilidad | MTY,Despacho contable,firma de contadores monterrey,Exact
GS | Contabilidad | MTY,Despacho contable,despacho contable nuevo leon,Phrase
GS | Contabilidad | MTY,Despacho contable,despacho contable y fiscal,Phrase
GS | Contabilidad | MTY,Contabilidad para empresas,contabilidad para empresas monterrey,Exact
GS | Contabilidad | MTY,Contabilidad para empresas,contabilidad para empresas,Phrase
GS | Contabilidad | MTY,Contabilidad para empresas,servicios contables para empresas,Phrase
GS | Contabilidad | MTY,Contabilidad para empresas,servicios de contabilidad monterrey,Phrase
GS | Contabilidad | MTY,Contabilidad para empresas,contabilidad para pymes,Phrase
GS | Contabilidad | MTY,Contabilidad para empresas,contador externo para empresa,Phrase
GS | Contabilidad | MTY,Contabilidad para empresas,outsourcing contable monterrey,Phrase
GS | Contabilidad | MTY,Contador San Pedro,contador san pedro garza garcia,Exact
GS | Contabilidad | MTY,Contador San Pedro,contador en san pedro garza garcia,Phrase
GS | Contabilidad | MTY,Contador San Pedro,contadores en san pedro,Phrase
GS | Contabilidad | MTY,Contador San Pedro,contador para empresas san pedro,Phrase
GS | Contabilidad | MTY,Contador San Pedro,despacho contable san pedro garza garcia,Phrase
GS | Contabilidad | MTY,,gratis,Campaign Negative Phrase
GS | Contabilidad | MTY,,gratuito,Campaign Negative Phrase
GS | Contabilidad | MTY,,gratuita,Campaign Negative Phrase
GS | Contabilidad | MTY,,barato,Campaign Negative Phrase
GS | Contabilidad | MTY,,económico,Campaign Negative Phrase
GS | Contabilidad | MTY,,curso,Campaign Negative Phrase
GS | Contabilidad | MTY,,cursos,Campaign Negative Phrase
GS | Contabilidad | MTY,,diplomado,Campaign Negative Phrase
GS | Contabilidad | MTY,,maestría,Campaign Negative Phrase
GS | Contabilidad | MTY,,licenciatura,Campaign Negative Phrase
GS | Contabilidad | MTY,,carrera,Campaign Negative Phrase
GS | Contabilidad | MTY,,universidad,Campaign Negative Phrase
GS | Contabilidad | MTY,,uanl,Campaign Negative Phrase
GS | Contabilidad | MTY,,tesis,Campaign Negative Phrase
GS | Contabilidad | MTY,,ensayo,Campaign Negative Phrase
GS | Contabilidad | MTY,,tarea,Campaign Negative Phrase
GS | Contabilidad | MTY,,pdf,Campaign Negative Phrase
GS | Contabilidad | MTY,,libro,Campaign Negative Phrase
GS | Contabilidad | MTY,,ejemplo,Campaign Negative Phrase
GS | Contabilidad | MTY,,ejemplos,Campaign Negative Phrase
GS | Contabilidad | MTY,,formato,Campaign Negative Phrase
GS | Contabilidad | MTY,,plantilla,Campaign Negative Phrase
GS | Contabilidad | MTY,,excel,Campaign Negative Phrase
GS | Contabilidad | MTY,,qué es,Campaign Negative Phrase
GS | Contabilidad | MTY,,que es,Campaign Negative Phrase
GS | Contabilidad | MTY,,definición,Campaign Negative Phrase
GS | Contabilidad | MTY,,concepto,Campaign Negative Phrase
GS | Contabilidad | MTY,,significado,Campaign Negative Phrase
GS | Contabilidad | MTY,,tipos de,Campaign Negative Phrase
GS | Contabilidad | MTY,,wikipedia,Campaign Negative Phrase
GS | Contabilidad | MTY,,empleo,Campaign Negative Phrase
GS | Contabilidad | MTY,,empleos,Campaign Negative Phrase
GS | Contabilidad | MTY,,vacante,Campaign Negative Phrase
GS | Contabilidad | MTY,,vacantes,Campaign Negative Phrase
GS | Contabilidad | MTY,,trabajo,Campaign Negative Phrase
GS | Contabilidad | MTY,,bolsa de trabajo,Campaign Negative Phrase
GS | Contabilidad | MTY,,sueldo,Campaign Negative Phrase
GS | Contabilidad | MTY,,salario,Campaign Negative Phrase
GS | Contabilidad | MTY,,prácticas,Campaign Negative Phrase
GS | Contabilidad | MTY,,practicas,Campaign Negative Phrase
GS | Contabilidad | MTY,,becario,Campaign Negative Phrase
GS | Contabilidad | MTY,,occ,Campaign Negative Phrase
GS | Contabilidad | MTY,,indeed,Campaign Negative Phrase
GS | Contabilidad | MTY,,computrabajo,Campaign Negative Phrase
GS | Contabilidad | MTY,,cita sat,Campaign Negative Phrase
GS | Contabilidad | MTY,,citas sat,Campaign Negative Phrase
GS | Contabilidad | MTY,,portal sat,Campaign Negative Phrase
GS | Contabilidad | MTY,,sat.gob.mx,Campaign Negative Phrase
GS | Contabilidad | MTY,,contraseña sat,Campaign Negative Phrase
GS | Contabilidad | MTY,,e.firma,Campaign Negative Phrase
GS | Contabilidad | MTY,,efirma,Campaign Negative Phrase
GS | Contabilidad | MTY,,constancia de situación fiscal,Campaign Negative Phrase
GS | Contabilidad | MTY,,rfc,Campaign Negative Phrase
GS | Contabilidad | MTY,,buzón tributario,Campaign Negative Phrase
GS | Contabilidad | MTY,,imss semanas,Campaign Negative Phrase
GS | Contabilidad | MTY,,infonavit,Campaign Negative Phrase
GS | Contabilidad | MTY,,software,Campaign Negative Phrase
GS | Contabilidad | MTY,,programa,Campaign Negative Phrase
GS | Contabilidad | MTY,,app,Campaign Negative Phrase
GS | Contabilidad | MTY,,contpaqi,Campaign Negative Phrase
GS | Contabilidad | MTY,,aspel,Campaign Negative Phrase
GS | Contabilidad | MTY,,descargar,Campaign Negative Phrase
GS | Contabilidad | MTY,,resico,Campaign Negative Phrase
GS | Contabilidad | MTY,,uber,Campaign Negative Phrase
GS | Contabilidad | MTY,,didi,Campaign Negative Phrase
GS | Contabilidad | MTY,,airbnb,Campaign Negative Phrase
GS | Contabilidad | MTY,,mercado libre,Campaign Negative Phrase
GS | Contabilidad | MTY,,cdmx,Campaign Negative Phrase
GS | Contabilidad | MTY,,ciudad de méxico,Campaign Negative Phrase
GS | Contabilidad | MTY,,guadalajara,Campaign Negative Phrase
GS | Contabilidad | MTY,,querétaro,Campaign Negative Phrase
GS | Contabilidad | MTY,,puebla,Campaign Negative Phrase
GS | Contabilidad | MTY,,tijuana,Campaign Negative Phrase
GS | Contabilidad | MTY,,saltillo,Campaign Negative Phrase
GS | Contabilidad | MTY,,chihuahua,Campaign Negative Phrase
GS | Asesoría Fiscal | MTY,Asesoría fiscal empresas,asesoria fiscal monterrey,Exact
GS | Asesoría Fiscal | MTY,Asesoría fiscal empresas,asesoría fiscal para empresas,Phrase
GS | Asesoría Fiscal | MTY,Asesoría fiscal empresas,asesor fiscal monterrey,Phrase
GS | Asesoría Fiscal | MTY,Asesoría fiscal empresas,consultoria fiscal monterrey,Phrase
GS | Asesoría Fiscal | MTY,Asesoría fiscal empresas,asesor fiscal san pedro garza garcia,Phrase
GS | Asesoría Fiscal | MTY,Asesoría fiscal empresas,despacho fiscal monterrey,Phrase
GS | Asesoría Fiscal | MTY,Asesoría fiscal empresas,asesoria fiscal empresas nuevo leon,Phrase
GS | Asesoría Fiscal | MTY,Cartas y requerimientos SAT,requerimiento del sat empresa,Phrase
GS | Asesoría Fiscal | MTY,Cartas y requerimientos SAT,carta invitacion sat,Phrase
GS | Asesoría Fiscal | MTY,Cartas y requerimientos SAT,asesoria requerimiento sat,Phrase
GS | Asesoría Fiscal | MTY,Cartas y requerimientos SAT,revision del sat a empresa,Phrase
GS | Asesoría Fiscal | MTY,Cartas y requerimientos SAT,asesor para auditoria del sat,Phrase
GS | Asesoría Fiscal | MTY,Cartas y requerimientos SAT,multa del sat empresa,Phrase
GS | Asesoría Fiscal | MTY,Planeación fiscal,planeacion fiscal empresas,Phrase
GS | Asesoría Fiscal | MTY,Planeación fiscal,planeacion fiscal monterrey,Exact
GS | Asesoría Fiscal | MTY,Planeación fiscal,planeación fiscal para empresas,Phrase
GS | Asesoría Fiscal | MTY,Planeación fiscal,estrategia fiscal empresa,Phrase
GS | Asesoría Fiscal | MTY,Planeación fiscal,asesoria fiscal reestructura empresa,Phrase
GS | Asesoría Fiscal | MTY,,gratis,Campaign Negative Phrase
GS | Asesoría Fiscal | MTY,,gratuito,Campaign Negative Phrase
GS | Asesoría Fiscal | MTY,,gratuita,Campaign Negative Phrase
GS | Asesoría Fiscal | MTY,,barato,Campaign Negative Phrase
GS | Asesoría Fiscal | MTY,,económico,Campaign Negative Phrase
GS | Asesoría Fiscal | MTY,,curso,Campaign Negative Phrase
GS | Asesoría Fiscal | MTY,,cursos,Campaign Negative Phrase
GS | Asesoría Fiscal | MTY,,diplomado,Campaign Negative Phrase
GS | Asesoría Fiscal | MTY,,maestría,Campaign Negative Phrase
GS | Asesoría Fiscal | MTY,,licenciatura,Campaign Negative Phrase
GS | Asesoría Fiscal | MTY,,carrera,Campaign Negative Phrase
GS | Asesoría Fiscal | MTY,,universidad,Campaign Negative Phrase
GS | Asesoría Fiscal | MTY,,uanl,Campaign Negative Phrase
GS | Asesoría Fiscal | MTY,,tesis,Campaign Negative Phrase
GS | Asesoría Fiscal | MTY,,ensayo,Campaign Negative Phrase
GS | Asesoría Fiscal | MTY,,tarea,Campaign Negative Phrase
GS | Asesoría Fiscal | MTY,,pdf,Campaign Negative Phrase
GS | Asesoría Fiscal | MTY,,libro,Campaign Negative Phrase
GS | Asesoría Fiscal | MTY,,ejemplo,Campaign Negative Phrase
GS | Asesoría Fiscal | MTY,,ejemplos,Campaign Negative Phrase
GS | Asesoría Fiscal | MTY,,formato,Campaign Negative Phrase
GS | Asesoría Fiscal | MTY,,plantilla,Campaign Negative Phrase
GS | Asesoría Fiscal | MTY,,excel,Campaign Negative Phrase
GS | Asesoría Fiscal | MTY,,qué es,Campaign Negative Phrase
GS | Asesoría Fiscal | MTY,,que es,Campaign Negative Phrase
GS | Asesoría Fiscal | MTY,,definición,Campaign Negative Phrase
GS | Asesoría Fiscal | MTY,,concepto,Campaign Negative Phrase
GS | Asesoría Fiscal | MTY,,significado,Campaign Negative Phrase
GS | Asesoría Fiscal | MTY,,tipos de,Campaign Negative Phrase
GS | Asesoría Fiscal | MTY,,wikipedia,Campaign Negative Phrase
GS | Asesoría Fiscal | MTY,,empleo,Campaign Negative Phrase
GS | Asesoría Fiscal | MTY,,empleos,Campaign Negative Phrase
GS | Asesoría Fiscal | MTY,,vacante,Campaign Negative Phrase
GS | Asesoría Fiscal | MTY,,vacantes,Campaign Negative Phrase
GS | Asesoría Fiscal | MTY,,trabajo,Campaign Negative Phrase
GS | Asesoría Fiscal | MTY,,bolsa de trabajo,Campaign Negative Phrase
GS | Asesoría Fiscal | MTY,,sueldo,Campaign Negative Phrase
GS | Asesoría Fiscal | MTY,,salario,Campaign Negative Phrase
GS | Asesoría Fiscal | MTY,,prácticas,Campaign Negative Phrase
GS | Asesoría Fiscal | MTY,,practicas,Campaign Negative Phrase
GS | Asesoría Fiscal | MTY,,becario,Campaign Negative Phrase
GS | Asesoría Fiscal | MTY,,occ,Campaign Negative Phrase
GS | Asesoría Fiscal | MTY,,indeed,Campaign Negative Phrase
GS | Asesoría Fiscal | MTY,,computrabajo,Campaign Negative Phrase
GS | Asesoría Fiscal | MTY,,cita sat,Campaign Negative Phrase
GS | Asesoría Fiscal | MTY,,citas sat,Campaign Negative Phrase
GS | Asesoría Fiscal | MTY,,portal sat,Campaign Negative Phrase
GS | Asesoría Fiscal | MTY,,sat.gob.mx,Campaign Negative Phrase
GS | Asesoría Fiscal | MTY,,contraseña sat,Campaign Negative Phrase
GS | Asesoría Fiscal | MTY,,e.firma,Campaign Negative Phrase
GS | Asesoría Fiscal | MTY,,efirma,Campaign Negative Phrase
GS | Asesoría Fiscal | MTY,,constancia de situación fiscal,Campaign Negative Phrase
GS | Asesoría Fiscal | MTY,,rfc,Campaign Negative Phrase
GS | Asesoría Fiscal | MTY,,buzón tributario,Campaign Negative Phrase
GS | Asesoría Fiscal | MTY,,imss semanas,Campaign Negative Phrase
GS | Asesoría Fiscal | MTY,,infonavit,Campaign Negative Phrase
GS | Asesoría Fiscal | MTY,,software,Campaign Negative Phrase
GS | Asesoría Fiscal | MTY,,programa,Campaign Negative Phrase
GS | Asesoría Fiscal | MTY,,app,Campaign Negative Phrase
GS | Asesoría Fiscal | MTY,,contpaqi,Campaign Negative Phrase
GS | Asesoría Fiscal | MTY,,aspel,Campaign Negative Phrase
GS | Asesoría Fiscal | MTY,,descargar,Campaign Negative Phrase
GS | Asesoría Fiscal | MTY,,resico,Campaign Negative Phrase
GS | Asesoría Fiscal | MTY,,uber,Campaign Negative Phrase
GS | Asesoría Fiscal | MTY,,didi,Campaign Negative Phrase
GS | Asesoría Fiscal | MTY,,airbnb,Campaign Negative Phrase
GS | Asesoría Fiscal | MTY,,mercado libre,Campaign Negative Phrase
GS | Asesoría Fiscal | MTY,,cdmx,Campaign Negative Phrase
GS | Asesoría Fiscal | MTY,,ciudad de méxico,Campaign Negative Phrase
GS | Asesoría Fiscal | MTY,,guadalajara,Campaign Negative Phrase
GS | Asesoría Fiscal | MTY,,querétaro,Campaign Negative Phrase
GS | Asesoría Fiscal | MTY,,puebla,Campaign Negative Phrase
GS | Asesoría Fiscal | MTY,,tijuana,Campaign Negative Phrase
GS | Asesoría Fiscal | MTY,,saltillo,Campaign Negative Phrase
GS | Asesoría Fiscal | MTY,,chihuahua,Campaign Negative Phrase
GS | Asesoría Fiscal | MTY,,declaración anual personas físicas,Campaign Negative Phrase
GS | Asesoría Fiscal | MTY,,devolución de impuestos personas físicas,Campaign Negative Phrase
GS | Asesoría Fiscal | MTY,,declaración anual asalariados,Campaign Negative Phrase
GS | Auditoría | MTY,Auditoría estados financieros,auditoria de estados financieros monterrey,Exact
GS | Auditoría | MTY,Auditoría estados financieros,auditoría de estados financieros,Phrase
GS | Auditoría | MTY,Auditoría estados financieros,auditoria financiera empresas,Phrase
GS | Auditoría | MTY,Auditoría estados financieros,auditoria financiera monterrey,Phrase
GS | Auditoría | MTY,Auditoría estados financieros,auditores monterrey,Phrase
GS | Auditoría | MTY,Auditoría externa,auditoria externa monterrey,Exact
GS | Auditoría | MTY,Auditoría externa,auditoría externa empresas,Phrase
GS | Auditoría | MTY,Auditoría externa,despacho de auditoria monterrey,Phrase
GS | Auditoría | MTY,Auditoría externa,auditor externo monterrey,Phrase
GS | Auditoría | MTY,Auditoría externa,firma de auditoria monterrey,Phrase
GS | Auditoría | MTY,Auditoría externa,auditores san pedro garza garcia,Phrase
GS | Auditoría | MTY,Estados financieros auditados,estados financieros auditados,Phrase
GS | Auditoría | MTY,Estados financieros auditados,estados financieros auditados para banco,Phrase
GS | Auditoría | MTY,Estados financieros auditados,estados financieros dictaminados,Phrase
GS | Auditoría | MTY,Estados financieros auditados,auditoria para credito bancario,Phrase
GS | Auditoría | MTY,,gratis,Campaign Negative Phrase
GS | Auditoría | MTY,,gratuito,Campaign Negative Phrase
GS | Auditoría | MTY,,gratuita,Campaign Negative Phrase
GS | Auditoría | MTY,,barato,Campaign Negative Phrase
GS | Auditoría | MTY,,económico,Campaign Negative Phrase
GS | Auditoría | MTY,,curso,Campaign Negative Phrase
GS | Auditoría | MTY,,cursos,Campaign Negative Phrase
GS | Auditoría | MTY,,diplomado,Campaign Negative Phrase
GS | Auditoría | MTY,,maestría,Campaign Negative Phrase
GS | Auditoría | MTY,,licenciatura,Campaign Negative Phrase
GS | Auditoría | MTY,,carrera,Campaign Negative Phrase
GS | Auditoría | MTY,,universidad,Campaign Negative Phrase
GS | Auditoría | MTY,,uanl,Campaign Negative Phrase
GS | Auditoría | MTY,,tesis,Campaign Negative Phrase
GS | Auditoría | MTY,,ensayo,Campaign Negative Phrase
GS | Auditoría | MTY,,tarea,Campaign Negative Phrase
GS | Auditoría | MTY,,pdf,Campaign Negative Phrase
GS | Auditoría | MTY,,libro,Campaign Negative Phrase
GS | Auditoría | MTY,,ejemplo,Campaign Negative Phrase
GS | Auditoría | MTY,,ejemplos,Campaign Negative Phrase
GS | Auditoría | MTY,,formato,Campaign Negative Phrase
GS | Auditoría | MTY,,plantilla,Campaign Negative Phrase
GS | Auditoría | MTY,,excel,Campaign Negative Phrase
GS | Auditoría | MTY,,qué es,Campaign Negative Phrase
GS | Auditoría | MTY,,que es,Campaign Negative Phrase
GS | Auditoría | MTY,,definición,Campaign Negative Phrase
GS | Auditoría | MTY,,concepto,Campaign Negative Phrase
GS | Auditoría | MTY,,significado,Campaign Negative Phrase
GS | Auditoría | MTY,,tipos de,Campaign Negative Phrase
GS | Auditoría | MTY,,wikipedia,Campaign Negative Phrase
GS | Auditoría | MTY,,empleo,Campaign Negative Phrase
GS | Auditoría | MTY,,empleos,Campaign Negative Phrase
GS | Auditoría | MTY,,vacante,Campaign Negative Phrase
GS | Auditoría | MTY,,vacantes,Campaign Negative Phrase
GS | Auditoría | MTY,,trabajo,Campaign Negative Phrase
GS | Auditoría | MTY,,bolsa de trabajo,Campaign Negative Phrase
GS | Auditoría | MTY,,sueldo,Campaign Negative Phrase
GS | Auditoría | MTY,,salario,Campaign Negative Phrase
GS | Auditoría | MTY,,prácticas,Campaign Negative Phrase
GS | Auditoría | MTY,,practicas,Campaign Negative Phrase
GS | Auditoría | MTY,,becario,Campaign Negative Phrase
GS | Auditoría | MTY,,occ,Campaign Negative Phrase
GS | Auditoría | MTY,,indeed,Campaign Negative Phrase
GS | Auditoría | MTY,,computrabajo,Campaign Negative Phrase
GS | Auditoría | MTY,,cita sat,Campaign Negative Phrase
GS | Auditoría | MTY,,citas sat,Campaign Negative Phrase
GS | Auditoría | MTY,,portal sat,Campaign Negative Phrase
GS | Auditoría | MTY,,sat.gob.mx,Campaign Negative Phrase
GS | Auditoría | MTY,,contraseña sat,Campaign Negative Phrase
GS | Auditoría | MTY,,e.firma,Campaign Negative Phrase
GS | Auditoría | MTY,,efirma,Campaign Negative Phrase
GS | Auditoría | MTY,,constancia de situación fiscal,Campaign Negative Phrase
GS | Auditoría | MTY,,rfc,Campaign Negative Phrase
GS | Auditoría | MTY,,buzón tributario,Campaign Negative Phrase
GS | Auditoría | MTY,,imss semanas,Campaign Negative Phrase
GS | Auditoría | MTY,,infonavit,Campaign Negative Phrase
GS | Auditoría | MTY,,software,Campaign Negative Phrase
GS | Auditoría | MTY,,programa,Campaign Negative Phrase
GS | Auditoría | MTY,,app,Campaign Negative Phrase
GS | Auditoría | MTY,,contpaqi,Campaign Negative Phrase
GS | Auditoría | MTY,,aspel,Campaign Negative Phrase
GS | Auditoría | MTY,,descargar,Campaign Negative Phrase
GS | Auditoría | MTY,,resico,Campaign Negative Phrase
GS | Auditoría | MTY,,uber,Campaign Negative Phrase
GS | Auditoría | MTY,,didi,Campaign Negative Phrase
GS | Auditoría | MTY,,airbnb,Campaign Negative Phrase
GS | Auditoría | MTY,,mercado libre,Campaign Negative Phrase
GS | Auditoría | MTY,,cdmx,Campaign Negative Phrase
GS | Auditoría | MTY,,ciudad de méxico,Campaign Negative Phrase
GS | Auditoría | MTY,,guadalajara,Campaign Negative Phrase
GS | Auditoría | MTY,,querétaro,Campaign Negative Phrase
GS | Auditoría | MTY,,puebla,Campaign Negative Phrase
GS | Auditoría | MTY,,tijuana,Campaign Negative Phrase
GS | Auditoría | MTY,,saltillo,Campaign Negative Phrase
GS | Auditoría | MTY,,chihuahua,Campaign Negative Phrase
GS | Auditoría | MTY,,auditoría interna curso,Campaign Negative Phrase
GS | Auditoría | MTY,,auditoría de sistemas,Campaign Negative Phrase
GS | Auditoría | MTY,,auditoría informática,Campaign Negative Phrase
GS | Auditoría | MTY,,auditoría médica,Campaign Negative Phrase
GS | Auditoría | MTY,,auditoría de calidad,Campaign Negative Phrase
GS | Auditoría | MTY,,iso 9001,Campaign Negative Phrase
GS | Auditoría | MTY,,auditor iso,Campaign Negative Phrase
GS | Auditoría | MTY,,auditoría ambiental,Campaign Negative Phrase
GS | Auditoría | MTY,,auditoría superior,Campaign Negative Phrase
GS | Auditoría | MTY,,asf,Campaign Negative Phrase
GS | Auditoría | MTY,,auditoría gubernamental,Campaign Negative Phrase
GS | Auditoría | MTY,,auditor lider,Campaign Negative Phrase
