Campaign,Ad group,Ad type,Headline 1,Headline 2,Headline 3,Headline 4,Headline 5,Headline 6,Headline 7,Headline 8,Headline 9,Headline 10,Headline 11,Headline 12,Headline 13,Headline 14,Headline 15,Headline 1 position,Description 1,Description 2,Description 3,Description 4,Final URL,Path 1,Path 2,Labels
GS | Contabilidad | MTY,Despacho contable,Responsive search ad,Despacho contable en Monterrey,Despacho contable empresarial,Firma de contadores Monterrey,Despacho contable y fiscal,Contadores para su empresa,Más de 28 años de trayectoria,400+ empresas respaldadas,30 especialistas en una firma,González Armendáriz,Firma contable en Nuevo León,Respaldo de una firma sólida,"Contabilidad, impuestos y más",Primera reunión con un socio,Agende una consulta,Propuesta por escrito,1,Más de 28 años y 400 empresas respaldadas en Nuevo León. Agende una consulta con un socio.,"Contabilidad, impuestos y estados financieros en una sola firma. Oficina en San Pedro.","Le entregamos una propuesta por escrito con alcance, calendario y honorarios.","Un equipo de 30 especialistas en contabilidad, impuestos y auditoría. Hablemos.",https://gonzalezarmendariz.com/lp/contabilidad-empresas/?v=despacho,contabilidad,monterrey,RSA-A
GS | Contabilidad | MTY,Despacho contable,Responsive search ad,Despacho contable en Monterrey,Despacho contable empresarial,Firma de contadores Monterrey,Contadores para su empresa,Despacho contable en San Pedro,Impuestos presentados a tiempo,Menos riesgo de multas,Cifras claras cada mes,Estados financieros mensuales,Respaldo ante el SAT,Ponemos al día su contabilidad,Contabilidad electrónica,Revisión de sus facturas CFDI,Enfóquese en dirigir,Un responsable para su cuenta,,Sus impuestos presentados a tiempo y sus cifras claras cada mes. Agende una consulta.,Revisamos sus facturas y su contabilidad para reducir riesgos ante el SAT.,¿Contabilidad atrasada? La ponemos al día con un plan claro y fechas por escrito.,"Estados financieros explicados en lenguaje sencillo, para decidir con certeza.",https://gonzalezarmendariz.com/lp/contabilidad-empresas/?v=despacho,contabilidad,monterrey,RSA-B
GS | Contabilidad | MTY,Despacho contable,Responsive search ad,Despacho contable en Monterrey,Firma de contadores Monterrey,Despacho contable y fiscal,Contadores para su empresa,Despacho contable en San Pedro,Oficina en San Pedro,Atendemos todo Monterrey,Agende con un socio hoy,Reunión presencial o en línea,Hable con un especialista,Llámenos o escríbanos,Empresas de Nuevo León,Respuesta a la brevedad,Cambie de contador sin estrés,Propuesta clara de honorarios,,"Visítenos en Av. Lázaro Cárdenas, San Pedro, o agende una reunión en línea.",Atendemos empresas en Monterrey y su área metropolitana. Agende con un socio hoy.,Cambiar de contador es sencillo: coordinamos la entrega con su contador anterior.,Déjenos sus datos y le llamamos para acordar fecha y hora de su consulta.,https://gonzalezarmendariz.com/lp/contabilidad-empresas/?v=despacho,contabilidad,monterrey,RSA-C
GS | Contabilidad | MTY,Contabilidad para empresas,Responsive search ad,Contabilidad para empresas,Contabilidad para pymes,Servicios contables Monterrey,Contabilidad empresarial,Su contabilidad al día,Más de 28 años de trayectoria,400+ empresas respaldadas,30 especialistas en una firma,González Armendáriz,Firma contable en Nuevo León,Respaldo de una firma sólida,"Contabilidad, impuestos y más",Primera reunión con un socio,Agende una consulta,Propuesta por escrito,1,Más de 28 años y 400 empresas respaldadas en Nuevo León. Agende una consulta con un socio.,"Contabilidad, impuestos y estados financieros en una sola firma. Oficina en San Pedro.","Le entregamos una propuesta por escrito con alcance, calendario y honorarios.","Un equipo de 30 especialistas en contabilidad, impuestos y auditoría. Hablemos.",https://gonzalezarmendariz.com/lp/contabilidad-empresas/,contabilidad,monterrey,RSA-A
GS | Contabilidad | MTY,Contabilidad para empresas,Responsive search ad,Contabilidad para empresas,Contabilidad para pymes,Servicios contables Monterrey,Su contabilidad al día,Contador externo para empresas,Impuestos presentados a tiempo,Menos riesgo de multas,Cifras claras cada mes,Estados financieros mensuales,Respaldo ante el SAT,Ponemos al día su contabilidad,Contabilidad electrónica,Revisión de sus facturas CFDI,Enfóquese en dirigir,Un responsable para su cuenta,,Sus impuestos presentados a tiempo y sus cifras claras cada mes. Agende una consulta.,Revisamos sus facturas y su contabilidad para reducir riesgos ante el SAT.,¿Contabilidad atrasada? La ponemos al día con un plan claro y fechas por escrito.,"Estados financieros explicados en lenguaje sencillo, para decidir con certeza.",https://gonzalezarmendariz.com/lp/contabilidad-empresas/,contabilidad,monterrey,RSA-B
GS | Contabilidad | MTY,Contabilidad para empresas,Responsive search ad,Contabilidad para empresas,Servicios contables Monterrey,Contabilidad empresarial,Su contabilidad al día,Contador externo para empresas,Oficina en San Pedro,Atendemos todo Monterrey,Agende con un socio hoy,Reunión presencial o en línea,Hable con un especialista,Llámenos o escríbanos,Empresas de Nuevo León,Respuesta a la brevedad,Cambie de contador sin estrés,Propuesta clara de honorarios,,"Visítenos en Av. Lázaro Cárdenas, San Pedro, o agende una reunión en línea.",Atendemos empresas en Monterrey y su área metropolitana. Agende con un socio hoy.,Cambiar de contador es sencillo: coordinamos la entrega con su contador anterior.,Déjenos sus datos y le llamamos para acordar fecha y hora de su consulta.,https://gonzalezarmendariz.com/lp/contabilidad-empresas/,contabilidad,monterrey,RSA-C
GS | Contabilidad | MTY,Contador San Pedro,Responsive search ad,Contador en San Pedro,Contadores en San Pedro,Contador para empresas,Despacho contable San Pedro,Contadores en Lázaro Cárdenas,Más de 28 años de trayectoria,400+ empresas respaldadas,30 especialistas en una firma,González Armendáriz,Firma contable en Nuevo León,Respaldo de una firma sólida,"Contabilidad, impuestos y más",Primera reunión con un socio,Agende una consulta,Propuesta por escrito,1,Más de 28 años y 400 empresas respaldadas en Nuevo León. Agende una consulta con un socio.,"Contabilidad, impuestos y estados financieros en una sola firma. Oficina en San Pedro.","Le entregamos una propuesta por escrito con alcance, calendario y honorarios.","Un equipo de 30 especialistas en contabilidad, impuestos y auditoría. Hablemos.",https://gonzalezarmendariz.com/lp/contabilidad-empresas/?v=san-pedro,contabilidad,monterrey,RSA-A
GS | Contabilidad | MTY,Contador San Pedro,Responsive search ad,Contador en San Pedro,Contadores en San Pedro,Contador para empresas,Contadores en Lázaro Cárdenas,Oficina en Av. Lázaro Cárdenas,Impuestos presentados a tiempo,Menos riesgo de multas,Cifras claras cada mes,Estados financieros mensuales,Respaldo ante el SAT,Ponemos al día su contabilidad,Contabilidad electrónica,Revisión de sus facturas CFDI,Enfóquese en dirigir,Un responsable para su cuenta,,Sus impuestos presentados a tiempo y sus cifras claras cada mes. Agende una consulta.,Revisamos sus facturas y su contabilidad para reducir riesgos ante el SAT.,¿Contabilidad atrasada? La ponemos al día con un plan claro y fechas por escrito.,"Estados financieros explicados en lenguaje sencillo, para decidir con certeza.",https://gonzalezarmendariz.com/lp/contabilidad-empresas/?v=san-pedro,contabilidad,monterrey,RSA-B
GS | Contabilidad | MTY,Contador San Pedro,Responsive search ad,Contador en San Pedro,Contador para empresas,Despacho contable San Pedro,Contadores en Lázaro Cárdenas,Oficina en Av. Lázaro Cárdenas,Oficina en San Pedro,Atendemos todo Monterrey,Agende con un socio hoy,Reunión presencial o en línea,Hable con un especialista,Llámenos o escríbanos,Empresas de Nuevo León,Respuesta a la brevedad,Cambie de contador sin estrés,Propuesta clara de honorarios,,"Visítenos en Av. Lázaro Cárdenas, San Pedro, o agende una reunión en línea.",Atendemos empresas en Monterrey y su área metropolitana. Agende con un socio hoy.,Cambiar de contador es sencillo: coordinamos la entrega con su contador anterior.,Déjenos sus datos y le llamamos para acordar fecha y hora de su consulta.,https://gonzalezarmendariz.com/lp/contabilidad-empresas/?v=san-pedro,contabilidad,monterrey,RSA-C
GS | Asesoría Fiscal | MTY,Asesoría fiscal empresas,Responsive search ad,Asesoría fiscal en Monterrey,Asesoría fiscal para empresas,Asesor fiscal para su empresa,Consultoría fiscal empresarial,Asesor fiscal en San Pedro,Más de 28 años de trayectoria,400+ empresas respaldadas,González Armendáriz,Especialistas en impuestos,Primera reunión con un socio,Firma fiscal en Nuevo León,Recomendación por escrito,Agende una consulta,30 especialistas en una firma,Respaldo de una firma sólida,1,Más de 28 años asesorando empresas de Nuevo León. Agende una consulta con un socio.,"Planeación fiscal dentro del marco legal, con sustento y razón de negocio.","Le entregamos una recomendación clara y por escrito, con sus riesgos y alternativas.",Especialistas en impuestos empresariales. Oficina en San Pedro Garza García.,https://gonzalezarmendariz.com/lp/asesoria-fiscal/,asesoria-fiscal,monterrey,RSA-A
GS | Asesoría Fiscal | MTY,Asesoría fiscal empresas,Responsive search ad,Asesoría fiscal en Monterrey,Asesoría fiscal para empresas,Asesor fiscal para su empresa,Asesor fiscal en San Pedro,Despacho fiscal en Monterrey,Decisiones con menos riesgo,Conozca el impacto fiscal,Dentro del marco legal,Reduzca riesgos fiscales,Sin esquemas agresivos,Devoluciones de IVA,Análisis con números claros,Al día con cambios fiscales,Segunda opinión fiscal,Acompañamiento ante el SAT,,Conozca el efecto fiscal de sus decisiones antes de tomarlas. Hable con un socio.,¿Recibió una carta o requerimiento del SAT? Revisamos su caso y respondemos en plazo.,"Planeación fiscal anual, devoluciones de IVA y acompañamiento en revisiones del SAT.",Trabajamos en coordinación con su contador actual. Agende una consulta.,https://gonzalezarmendariz.com/lp/asesoria-fiscal/,asesoria-fiscal,monterrey,RSA-B
GS | Asesoría Fiscal | MTY,Asesoría fiscal empresas,Responsive search ad,Asesoría fiscal en Monterrey,Asesor fiscal para su empresa,Consultoría fiscal empresarial,Asesor fiscal en San Pedro,Despacho fiscal en Monterrey,Oficina en San Pedro,Atendemos todo Monterrey,Agende con un socio hoy,Reunión presencial o en línea,Hable con un especialista,Llámenos o escríbanos,Empresas de Nuevo León,Respuesta a la brevedad,Revise su caso con nosotros,Trabajamos con su contador,,"Visítenos en Av. Lázaro Cárdenas, San Pedro, o agende una reunión en línea.",Atendemos empresas en Monterrey y su área metropolitana. Agende con un socio hoy.,Déjenos sus datos y le llamamos para acordar fecha y hora de su consulta.,"Antes de firmar una operación importante, revise su efecto fiscal con nosotros.",https://gonzalezarmendariz.com/lp/asesoria-fiscal/,asesoria-fiscal,monterrey,RSA-C
GS | Asesoría Fiscal | MTY,Cartas y requerimientos SAT,Responsive search ad,¿Le llegó una carta del SAT?,Respuesta a requerimientos SAT,Asesoría ante el SAT,Carta invitación del SAT,Revisión del SAT a su empresa,Más de 28 años de trayectoria,400+ empresas respaldadas,González Armendáriz,Especialistas en impuestos,Primera reunión con un socio,Firma fiscal en Nuevo León,Recomendación por escrito,Agende una consulta,30 especialistas en una firma,Respaldo de una firma sólida,1,Más de 28 años asesorando empresas de Nuevo León. Agende una consulta con un socio.,"Planeación fiscal dentro del marco legal, con sustento y razón de negocio.","Le entregamos una recomendación clara y por escrito, con sus riesgos y alternativas.",Especialistas en impuestos empresariales. Oficina en San Pedro Garza García.,https://gonzalezarmendariz.com/lp/asesoria-fiscal/?v=sat,asesoria-fiscal,monterrey,RSA-A
GS | Asesoría Fiscal | MTY,Cartas y requerimientos SAT,Responsive search ad,¿Le llegó una carta del SAT?,Respuesta a requerimientos SAT,Asesoría ante el SAT,Revisión del SAT a su empresa,Respondemos dentro del plazo,Decisiones con menos riesgo,Conozca el impacto fiscal,Dentro del marco legal,Reduzca riesgos fiscales,Sin esquemas agresivos,Devoluciones de IVA,Análisis con números claros,Al día con cambios fiscales,Segunda opinión fiscal,Acompañamiento ante el SAT,,Conozca el efecto fiscal de sus decisiones antes de tomarlas. Hable con un socio.,¿Recibió una carta o requerimiento del SAT? Revisamos su caso y respondemos en plazo.,"Planeación fiscal anual, devoluciones de IVA y acompañamiento en revisiones del SAT.",Trabajamos en coordinación con su contador actual. Agende una consulta.,https://gonzalezarmendariz.com/lp/asesoria-fiscal/?v=sat,asesoria-fiscal,monterrey,RSA-B
GS | Asesoría Fiscal | MTY,Cartas y requerimientos SAT,Responsive search ad,¿Le llegó una carta del SAT?,Asesoría ante el SAT,Carta invitación del SAT,Revisión del SAT a su empresa,Respondemos dentro del plazo,Oficina en San Pedro,Atendemos todo Monterrey,Agende con un socio hoy,Reunión presencial o en línea,Hable con un especialista,Llámenos o escríbanos,Empresas de Nuevo León,Respuesta a la brevedad,Revise su caso con nosotros,Trabajamos con su contador,,"Visítenos en Av. Lázaro Cárdenas, San Pedro, o agende una reunión en línea.",Atendemos empresas en Monterrey y su área metropolitana. Agende con un socio hoy.,Déjenos sus datos y le llamamos para acordar fecha y hora de su consulta.,"Antes de firmar una operación importante, revise su efecto fiscal con nosotros.",https://gonzalezarmendariz.com/lp/asesoria-fiscal/?v=sat,asesoria-fiscal,monterrey,RSA-C
GS | Asesoría Fiscal | MTY,Planeación fiscal,Responsive search ad,Planeación fiscal empresarial,Planeación fiscal en Monterrey,Planeación dentro de la ley,Estrategia fiscal con sustento,Planeación fiscal anual,Más de 28 años de trayectoria,400+ empresas respaldadas,González Armendáriz,Especialistas en impuestos,Primera reunión con un socio,Firma fiscal en Nuevo León,Recomendación por escrito,Agende una consulta,30 especialistas en una firma,Respaldo de una firma sólida,1,Más de 28 años asesorando empresas de Nuevo León. Agende una consulta con un socio.,"Planeación fiscal dentro del marco legal, con sustento y razón de negocio.","Le entregamos una recomendación clara y por escrito, con sus riesgos y alternativas.",Especialistas en impuestos empresariales. Oficina en San Pedro Garza García.,https://gonzalezarmendariz.com/lp/asesoria-fiscal/?v=planeacion,asesoria-fiscal,monterrey,RSA-A
GS | Asesoría Fiscal | MTY,Planeación fiscal,Responsive search ad,Planeación fiscal empresarial,Planeación fiscal en Monterrey,Planeación dentro de la ley,Planeación fiscal anual,"Antes de decidir, consúltenos",Decisiones con menos riesgo,Conozca el impacto fiscal,Dentro del marco legal,Reduzca riesgos fiscales,Sin esquemas agresivos,Devoluciones de IVA,Análisis con números claros,Al día con cambios fiscales,Segunda opinión fiscal,Acompañamiento ante el SAT,,Conozca el efecto fiscal de sus decisiones antes de tomarlas. Hable con un socio.,¿Recibió una carta o requerimiento del SAT? Revisamos su caso y respondemos en plazo.,"Planeación fiscal anual, devoluciones de IVA y acompañamiento en revisiones del SAT.",Trabajamos en coordinación con su contador actual. Agende una consulta.,https://gonzalezarmendariz.com/lp/asesoria-fiscal/?v=planeacion,asesoria-fiscal,monterrey,RSA-B
GS | Asesoría Fiscal | MTY,Planeación fiscal,Responsive search ad,Planeación fiscal empresarial,Planeación dentro de la ley,Estrategia fiscal con sustento,Planeación fiscal anual,"Antes de decidir, consúltenos",Oficina en San Pedro,Atendemos todo Monterrey,Agende con un socio hoy,Reunión presencial o en línea,Hable con un especialista,Llámenos o escríbanos,Empresas de Nuevo León,Respuesta a la brevedad,Revise su caso con nosotros,Trabajamos con su contador,,"Visítenos en Av. Lázaro Cárdenas, San Pedro, o agende una reunión en línea.",Atendemos empresas en Monterrey y su área metropolitana. Agende con un socio hoy.,Déjenos sus datos y le llamamos para acordar fecha y hora de su consulta.,"Antes de firmar una operación importante, revise su efecto fiscal con nosotros.",https://gonzalezarmendariz.com/lp/asesoria-fiscal/?v=planeacion,asesoria-fiscal,monterrey,RSA-C
GS | Auditoría | MTY,Auditoría estados financieros,Responsive search ad,Auditoría financiera Monterrey,Auditoría financiera empresas,Auditoría de cifras y control,Auditoría para su empresa,Auditores en Monterrey,Más de 28 años de trayectoria,400+ empresas respaldadas,González Armendáriz,Opinión independiente,Primera reunión con un socio,Equipo de auditoría propio,Agende una consulta,Propuesta de auditoría,30 especialistas en una firma,Respaldo de una firma sólida,1,Auditoría de estados financieros con más de 28 años de trayectoria. Agende una consulta.,"Una opinión independiente sobre sus cifras para socios, bancos, inversionistas y consejo.",Más de 400 empresas respaldadas en Nuevo León. Oficina en San Pedro Garza García.,Informe del auditor independiente y carta de recomendaciones de control interno.,https://gonzalezarmendariz.com/lp/auditoria/,auditoria,monterrey,RSA-A
GS | Auditoría | MTY,Auditoría estados financieros,Responsive search ad,Auditoría financiera Monterrey,Auditoría financiera empresas,Auditoría de cifras y control,Auditores en Monterrey,Auditoría con calendario fijo,Cifras que generan confianza,Confianza para su banco,Alcance y fechas por escrito,Mínima interrupción,Carta de recomendaciones,Detecte errores a tiempo,Mejore sus controles,Para socios e inversionistas,Para su consejo,Hallazgos antes del informe,,¿Su banco le pide estados financieros auditados? Acordamos alcance y fechas por escrito.,Revisamos registros y controles con la menor interrupción posible para su equipo.,Comentamos hallazgos con la dirección antes de emitir el informe final.,Detecte errores y controles débiles a tiempo. Hable con un socio de la firma.,https://gonzalezarmendariz.com/lp/auditoria/,auditoria,monterrey,RSA-B
GS | Auditoría | MTY,Auditoría estados financieros,Responsive search ad,Auditoría financiera Monterrey,Auditoría de cifras y control,Auditoría para su empresa,Auditores en Monterrey,Auditoría con calendario fijo,Oficina en San Pedro,Atendemos todo Monterrey,Agende con un socio hoy,Reunión presencial o en línea,Hable con un especialista,Llámenos o escríbanos,Empresas de Nuevo León,Respuesta a la brevedad,Solicite su propuesta,Calendario desde el inicio,,"Visítenos en Av. Lázaro Cárdenas, San Pedro, o agende una reunión en línea.",Atendemos empresas en Monterrey y su área metropolitana. Solicite su propuesta.,Déjenos sus datos y le llamamos para acordar fecha y hora de su consulta.,"Le entregamos una propuesta de auditoría con alcance, calendario y honorarios.",https://gonzalezarmendariz.com/lp/auditoria/,auditoria,monterrey,RSA-C
GS | Auditoría | MTY,Auditoría externa,Responsive search ad,Auditoría externa Monterrey,Auditoría externa empresarial,Despacho de auditoría,Firma de auditoría Nuevo León,Auditor externo independiente,Más de 28 años de trayectoria,400+ empresas respaldadas,González Armendáriz,Opinión independiente,Primera reunión con un socio,Equipo de auditoría propio,Agende una consulta,Propuesta de auditoría,30 especialistas en una firma,Respaldo de una firma sólida,1,Auditoría de estados financieros con más de 28 años de trayectoria. Agende una consulta.,"Una opinión independiente sobre sus cifras para socios, bancos, inversionistas y consejo.",Más de 400 empresas respaldadas en Nuevo León. Oficina en San Pedro Garza García.,Informe del auditor independiente y carta de recomendaciones de control interno.,https://gonzalezarmendariz.com/lp/auditoria/?v=externa,auditoria,monterrey,RSA-A
GS | Auditoría | MTY,Auditoría externa,Responsive search ad,Auditoría externa Monterrey,Auditoría externa empresarial,Despacho de auditoría,Auditor externo independiente,Auditores en San Pedro,Cifras que generan confianza,Confianza para su banco,Alcance y fechas por escrito,Mínima interrupción,Carta de recomendaciones,Detecte errores a tiempo,Mejore sus controles,Para socios e inversionistas,Para su consejo,Hallazgos antes del informe,,¿Su banco le pide estados financieros auditados? Acordamos alcance y fechas por escrito.,Revisamos registros y controles con la menor interrupción posible para su equipo.,Comentamos hallazgos con la dirección antes de emitir el informe final.,Detecte errores y controles débiles a tiempo. Hable con un socio de la firma.,https://gonzalezarmendariz.com/lp/auditoria/?v=externa,auditoria,monterrey,RSA-B
GS | Auditoría | MTY,Auditoría externa,Responsive search ad,Auditoría externa Monterrey,Despacho de auditoría,Firma de auditoría Nuevo León,Auditor externo independiente,Auditores en San Pedro,Oficina en San Pedro,Atendemos todo Monterrey,Agende con un socio hoy,Reunión presencial o en línea,Hable con un especialista,Llámenos o escríbanos,Empresas de Nuevo León,Respuesta a la brevedad,Solicite su propuesta,Calendario desde el inicio,,"Visítenos en Av. Lázaro Cárdenas, San Pedro, o agende una reunión en línea.",Atendemos empresas en Monterrey y su área metropolitana. Solicite su propuesta.,Déjenos sus datos y le llamamos para acordar fecha y hora de su consulta.,"Le entregamos una propuesta de auditoría con alcance, calendario y honorarios.",https://gonzalezarmendariz.com/lp/auditoria/?v=externa,auditoria,monterrey,RSA-C
GS | Auditoría | MTY,Estados financieros auditados,Responsive search ad,Estados financieros auditados,Auditoría para su banco,Cifras auditadas para socios,Auditoría para inversionistas,Informe del auditor,Más de 28 años de trayectoria,400+ empresas respaldadas,González Armendáriz,Opinión independiente,Primera reunión con un socio,Equipo de auditoría propio,Agende una consulta,Propuesta de auditoría,30 especialistas en una firma,Respaldo de una firma sólida,1,Auditoría de estados financieros con más de 28 años de trayectoria. Agende una consulta.,"Una opinión independiente sobre sus cifras para socios, bancos, inversionistas y consejo.",Más de 400 empresas respaldadas en Nuevo León. Oficina en San Pedro Garza García.,Informe del auditor independiente y carta de recomendaciones de control interno.,https://gonzalezarmendariz.com/lp/auditoria/?v=banco,auditoria,monterrey,RSA-A
GS | Auditoría | MTY,Estados financieros auditados,Responsive search ad,Estados financieros auditados,Auditoría para su banco,Cifras auditadas para socios,Informe del auditor,Cumpla con su banco a tiempo,Cifras que generan confianza,Confianza para su banco,Alcance y fechas por escrito,Mínima interrupción,Carta de recomendaciones,Detecte errores a tiempo,Mejore sus controles,Para socios e inversionistas,Para su consejo,Hallazgos antes del informe,,¿Su banco le pide estados financieros auditados? Acordamos alcance y fechas por escrito.,Revisamos registros y controles con la menor interrupción posible para su equipo.,Comentamos hallazgos con la dirección antes de emitir el informe final.,Detecte errores y controles débiles a tiempo. Hable con un socio de la firma.,https://gonzalezarmendariz.com/lp/auditoria/?v=banco,auditoria,monterrey,RSA-B
GS | Auditoría | MTY,Estados financieros auditados,Responsive search ad,Estados financieros auditados,Cifras auditadas para socios,Auditoría para inversionistas,Informe del auditor,Cumpla con su banco a tiempo,Oficina en San Pedro,Atendemos todo Monterrey,Agende con un socio hoy,Reunión presencial o en línea,Hable con un especialista,Llámenos o escríbanos,Empresas de Nuevo León,Respuesta a la brevedad,Solicite su propuesta,Calendario desde el inicio,,"Visítenos en Av. Lázaro Cárdenas, San Pedro, o agende una reunión en línea.",Atendemos empresas en Monterrey y su área metropolitana. Solicite su propuesta.,Déjenos sus datos y le llamamos para acordar fecha y hora de su consulta.,"Le entregamos una propuesta de auditoría con alcance, calendario y honorarios.",https://gonzalezarmendariz.com/lp/auditoria/?v=banco,auditoria,monterrey,RSA-C
